trainer,trainer_career_wins,trainer_group_1_wins,trainer_prize_money,trainer_win_pct,trainer_place_pct,trainer_recent_win_pct,trainer_group_1_win_pct,trainer_group_1_place_pct,trainer_group_2_win_pct,trainer_group_2_place_pct,trainer_group_3_win_pct,trainer_group_3_place_pct,trainer_listed_win_pct,trainer_listed_place_pct,trainer_other_win_pct,trainer_other_place_pct
aaron-clarke,122,0,2118767,8,27,6,,,,,0,0,,,8,27
aaron-laing,14,0,553190,6,25,10,,,0,0,0,0,,,6,25
aaron-purcell,456,3,17286146,9,31,14,15,30,20,30,5,26,7,26,9,31
adam-campton,49,0,1976714,19,45,12,,,0,100,,,0,33,19,44
adam-chambers,48,0,1091446,16,39,22,,,,,,,0,0,16,39
adam-duggan,142,0,3172134,16,39,12,,,0,0,0,0,0,40,17,39
adam-trinder,540,1,14912759,16,43,38,12,37,42,71,5,22,20,43,16,43
adrian-mcgregor,78,0,1492080,12,34,18,0,0,0,0,0,33,0,7,13,34
aiden-st-vincent,53,0,1374172,8,31,8,,,,,,,0,0,8,31
aleacia-bennett,26,0,803065,8,27,10,,,,,0,0,0,0,8,27
alex-rae,48,0,1747739,12,39,12,,,,,0,0,0,20,13,40
alisa-hinch,16,0,665366,7,24,4,,,,,0,0,,,7,25
alison-smith,138,0,2161472,8,27,6,,,,,,,,,8,27
allan-kehoe,174,0,4472927,9,33,12,,,0,0,0,0,0,27,10,33
allan-mcrae,91,0,1324477,8,30,4,,,,,,,,,8,30
amanda-turner,131,0,3716627,7,26,2,0,0,,,0,0,0,0,7,26
amy-yargi,132,0,4095987,10,30,10,0,0,100,100,0,0,0,17,10,31
andrea-leek,19,0,666132,13,34,8,,,,,,,,,13,34
andrew-bobbin,89,0,3192250,9,31,6,0,0,0,0,0,0,11,11,9,32
andrew-campbell,15,0,396753,6,25,4,,,,,,,,,6,25
andrew-dale,187,0,3464662,10,31,16,,,,,0,0,0,0,10,31
andrew-forsman,16,1,3641377,11,32,6,2,16,9,52,33,44,18,36,14,33
andrew-homann,45,0,1341617,7,28,8,,,,,0,0,0,25,7,28
andrew-macdonald,23,0,606045,10,35,12,,,,,,,,,10,35
andrew-noblet,339,1,13611355,12,33,22,2,20,14,25,13,32,7,27,12,33
andrew-ryan,10,0,281470,12,36,12,,,,,,,,,12,36
andrew-scott,13,3,1588760,20,36,26,23,38,0,33,25,25,20,40,21,36
angela-davies,184,0,3913137,23,51,24,,,0,0,0,50,0,37,24,51
annabel-neasham,315,8,40904222,16,44,14,9,39,18,40,5,34,12,36,17,45
anthony-chibnall,21,0,857846,6,29,10,,,0,0,0,50,25,25,6,29
anthony-cummings,962,31,64923399,10,32,10,7,22,7,20,7,21,11,28,11,33
anthony-freedman,895,19,72595783,16,41,18,9,26,7,27,10,33,13,35,17,44
anthony-mountney,39,0,953175,9,33,6,,,0,0,0,0,0,0,9,33
archie-alexander,367,0,15231937,14,35,26,0,14,7,15,7,20,13,26,15,37
arthur-pace,85,0,1164879,18,42,14,,,,,,,10,40,18,42
ashlee-grives,7,0,265110,3,16,2,,,,,,,,,3,16
barry-baldwin,744,1,16884521,13,34,8,7,7,5,5,9,20,5,14,13,35
barry-campbell,598,0,10454501,14,36,14,0,0,,,9,25,9,31,14,37
ben-brisbourne,144,0,4739190,11,35,14,,,0,0,0,25,0,9,11,35
ben-hayes,313,5,28242162,13,36,22,15,31,21,39,2,30,13,28,14,37
ben-lees,2,0,168270,1,14,4,,,,,,,,,1,14
benjamin-smith,76,2,4390957,12,33,8,16,58,75,75,0,0,14,14,11,32
bill-papazaharoudakis,68,0,1392800,11,31,14,0,0,0,0,0,10,12,32,11,31
bjorn-baker,1155,4,68368539,16,41,14,3,16,10,34,12,33,10,31,17,42
blake-fitzpatrick,18,0,470192,6,20,4,,,,,,,,,6,20
blake-ryan,16,0,660770,8,29,6,,,,,,,0,50,8,29
bob-milligan,794,0,10087659,11,35,10,0,0,11,44,21,42,13,16,11,35
brad-widdup,309,1,18540682,15,41,16,5,31,0,12,1,21,11,31,16,43
brendon-hawtin,1,0,91485,2,20,2,,,,,,,0,33,3,18
brent-stanley,259,0,8292445,13,34,10,0,0,5,5,4,23,4,11,14,36
brett-cavanough,1018,0,17979487,14,37,12,0,0,4,20,3,9,6,20,14,37
brett-conlon,7,0,267917,6,32,6,,,,,,,,,6,32
brett-dodson,334,0,4840682,11,35,10,,,0,0,0,0,9,18,12,36
brett-lazzarini,29,0,1279890,7,26,6,,,,,33,33,0,16,7,26
brett-partelle,285,0,6172362,11,31,8,0,0,12,25,9,27,0,3,11,31
brett-robb,148,0,3399405,16,41,12,,,,,0,0,,,16,41
brett-scott,107,0,4498679,7,27,8,0,0,0,0,11,33,4,26,8,28
brett-thompson,396,0,6497936,10,33,8,,,0,0,0,0,0,0,10,33
bruce-anderson,9,0,165577,6,24,6,,,,,,,0,0,6,24
bruce-wallace,108,7,4392376,16,42,16,7,18,6,20,11,36,9,43,21,53
bryce-heys,75,0,3316361,12,33,8,0,20,0,0,7,21,5,23,12,35
cameron-crockett,249,0,6679055,16,43,12,0,0,0,0,,,50,50,16,43
cameron-thompson,57,0,1441880,5,22,8,,,,,,,0,0,5,23
caroline-jennings,19,0,718810,18,35,16,0,0,,,,,,,19,36
cassandra-schmidt,11,0,262285,10,31,12,,,,,,,,,10,31
cassandra-stummer,13,0,432270,5,25,10,0,0,0,0,0,0,,,5,26
cathleen-wilson,10,0,266488,5,19,14,,,,,,,,,5,19
charlotte-littlefield,74,0,2386610,8,27,8,,,0,0,0,20,0,100,8,27
cheryl-grouse,8,0,221950,6,17,6,,,,,0,0,0,0,6,18
cheryl-weller,12,0,318646,12,30,14,,,,,,,,,12,30
chris-bieg,162,0,5188325,11,31,8,0,11,0,0,6,20,14,24,12,32
chris-calthorpe,74,1,2623906,6,21,2,100,100,,,0,0,0,0,6,21
chris-heywood,252,0,3802791,9,32,4,,,0,0,,,0,14,9,32
chris-hyland,244,0,7166503,10,31,8,0,25,0,0,6,20,2,13,10,32
chris-munce,437,1,18178266,12,37,14,12,25,3,27,3,15,8,25,13,38
chris-waller,4100,150,436460863,13,39,14,11,27,12,34,11,32,10,34,14,40
christine-sexton,25,0,689553,8,25,2,,,,,,,,,8,25
ciaron-maher,2020,36,153368605,17,42,16,10,26,8,36,12,33,12,34,18,43
cindy-alderson,203,0,8444178,12,35,12,0,0,8,16,0,42,20,54,12,35
claire-lever,27,0,916195,12,34,6,,,,,,,,,12,34
clarry-conners,1270,34,57460977,10,30,10,11,28,9,26,8,25,8,22,10,31
clay-beasy,10,0,459205,10,37,12,,,,,0,0,,,11,37
clayton-douglas,49,2,11364259,13,34,14,40,60,20,60,11,22,0,16,13,34
cliff-brown,311,4,12244850,10,31,22,3,14,6,26,4,22,6,21,11,33
clint-lundholm,316,0,6230475,11,32,14,,,,,,,,,11,32
clinton-mcdonald,421,3,15619690,12,34,22,11,11,9,31,5,25,8,27,13,35
cody-morgan,272,0,7317410,19,46,30,,,0,0,0,0,0,9,19,46
cody-reardon,8,0,265535,5,21,4,,,0,0,,,,,5,21
colin-hughes,10,0,220905,5,16,10,,,,,,,,,5,16
colin-scott,55,0,2450661,10,34,6,0,30,0,28,14,28,28,57,10,34
colt-prosser,233,0,4183612,9,31,14,,,,,,,0,0,9,31
con-karakatsanis,160,2,6821461,10,30,6,6,24,6,18,8,25,21,32,10,30
con-kelly,204,0,2514862,8,25,6,,,,,,,,,8,25
connie-greig,258,0,4180020,8,28,16,,,,,,,,,8,28
craig-blackshaw,43,0,1323264,8,26,6,,,,,0,0,0,0,8,27
craig-carmody,83,0,2785645,9,32,6,0,0,0,0,0,12,22,33,9,32
craig-martin,385,0,4583512,17,43,8,,,,,0,0,16,16,17,43
craig-thornton,3,0,32516,13,27,13,0,0,,,0,0,0,33,21,35
craig-weeding,95,0,2295170,10,38,10,,,,,,,0,100,10,38
craig-widdison,107,0,2565205,13,29,18,,,,,0,0,10,20,13,29
daiki-chujo,35,0,1049795,5,20,4,,,0,0,0,0,0,0,5,20
dale-short,51,0,1255959,9,30,14,,,0,0,0,100,0,0,9,30
damien-lane,274,0,9132107,8,29,8,0,0,,,0,12,0,6,8,29
damien-moyle,29,0,904452,11,34,10,,,,,0,0,0,0,11,35
damien-smith,8,0,217480,5,17,8,,,,,,,,,5,17
dan-mccarthy,233,0,4338024,13,34,6,0,0,0,14,0,0,0,0,14,34
dan-osullivan,592,0,16164843,10,30,14,0,10,12,19,9,21,9,28,10,30
daniel-bowman,173,1,6162442,11,34,10,11,11,0,10,0,5,9,27,12,35
daniel-morton,705,7,32375156,15,39,10,9,29,8,25,15,31,13,33,15,40
daniel-robinson,10,0,396090,5,20,8,,,,,,,,,5,20
daniel-williams,20,0,632227,7,21,4,,,100,100,0,0,0,0,7,21
danielle-seib,69,0,2912127,15,34,16,,,,,0,33,0,0,15,34
danny-obrien,1449,23,93774201,14,40,28,7,22,10,31,8,29,9,30,15,42
danny-williams,495,1,13758162,15,37,12,4,14,0,8,10,25,4,19,15,38
darrell-burnet,11,0,202840,18,40,20,,,,,,,,,18,40
darren-graham,172,0,2112325,11,34,10,0,66,0,0,0,22,10,20,11,34
darryl-karp,14,0,186375,9,23,10,,,,,,,0,0,9,23
darryn-weatherley,6,1,584960,25,54,23,25,50,50,50,,,,,25,37
daryl-archard,186,0,3262504,7,24,4,0,0,0,0,0,100,9,9,7,24
david-atkins,388,0,8384584,12,35,14,0,15,17,44,9,21,4,30,12,35
david-blundell,335,0,2994356,11,32,10,0,0,0,0,0,0,12,25,11,32
david-bourne,209,0,4626427,12,37,10,0,14,0,11,0,30,5,25,13,38
david-brideoake,717,3,21863298,11,33,14,8,20,5,17,8,16,7,26,12,34
david-feek,66,0,2365643,11,34,10,0,0,,,20,20,0,0,11,34
david-j-smith,54,0,1298600,10,29,10,,,,,,,0,0,10,29
david-jolly,878,4,22125960,15,40,4,8,18,8,24,7,23,9,30,15,41
david-matts,108,0,1177778,13,40,12,,,,,0,0,0,0,13,40
david-mccolm,28,0,1357645,16,36,20,0,0,0,100,,,0,42,17,35
david-oprey,154,0,2789701,7,26,10,,,,,0,0,0,0,7,26
david-payne,623,14,42674498,10,33,10,6,19,7,29,5,26,7,28,11,34
david-pfieffer,398,1,18536385,13,35,4,5,17,9,25,3,24,12,34,13,36
david-vandyke,655,4,25704033,22,50,10,11,30,6,22,20,41,12,30,22,51
dean-binaisse,145,0,4915742,7,29,8,0,0,0,30,5,21,0,8,8,29
dean-grass,13,0,333059,5,21,6,,,,,,,20,40,5,21
dean-krongold,27,0,856735,9,33,12,,,,,0,0,0,0,9,34
dean-mirfin,144,0,3125939,12,36,10,,,,,0,0,,,12,36
deanne-taylor,20,0,644581,5,14,4,,,,,0,0,0,0,5,14
denim-wynen,13,0,430940,9,29,8,,,,,,,,,9,29
denis-pagan,9,1,1569937,9,33,10,25,25,0,100,0,0,0,20,11,37
desleigh-forster,380,1,15343813,13,36,20,4,12,0,13,9,15,9,28,14,37
dominika-griglakova,0,0,18445,,11,,,,,,,,,,0,11
donna-gaskin,127,0,2818822,7,27,,0,0,,,0,25,0,33,8,27
donna-scott,116,0,2877701,11,34,8,,,0,0,,,25,25,11,34
drew-tyson,12,0,276875,23,55,24,,,,,,,0,0,25,60
dwayne-reid,19,0,441808,7,20,2,,,,,,,,,7,20
edward-cummings,57,3,5324630,11,31,14,14,19,0,22,15,20,0,0,12,33
edward-orourke,45,0,1937012,11,40,6,0,0,0,0,0,0,0,40,12,42
emma-fouchard,5,0,176920,4,14,4,,,,,,,,,4,14
emma-lee-browne,29,0,1682637,11,33,10,0,0,14,42,7,14,0,0,11,36
enver-jusufovic,223,0,7333889,13,37,14,0,0,16,33,6,20,0,40,13,37
gai-waterhouse-ao,4551,145,309010766,19,45,30,12,32,14,38,13,36,14,37,21,48
gareth-andrews,64,0,1475820,8,30,14,,,,,0,0,0,0,9,30
garry-frazer,277,4,8540613,9,28,8,16,41,7,15,11,35,8,23,9,28
garry-lunn,486,0,5127999,10,31,10,,,33,66,0,100,0,33,10,31
gary-colvin,357,0,5834881,9,29,12,,,,,0,0,20,40,9,29
gary-moore,254,4,15000413,13,38,6,15,38,15,28,13,22,7,27,14,39
gary-nickson,216,0,4672139,8,24,6,0,0,0,25,0,8,8,24,8,24
gary-portelli,1066,8,51349728,11,33,10,6,13,6,23,5,18,4,19,11,34
gavin-bedggood,87,0,3964407,11,34,8,0,0,0,33,0,0,7,7,11,35
gayna-williams,454,0,6084418,12,36,12,,,,,,,0,14,12,36
genevieve-browne,4,0,115492,3,22,2,,,,,,,,,3,22
geoff-duryea,250,0,4677290,12,35,12,0,0,0,0,0,66,10,20,12,35
geoff-obrien,268,0,2275138,11,32,10,0,100,0,0,0,28,40,40,11,32
geoffrey-crothers,18,0,313375,7,21,8,,,,,,,,,7,21
geon-singh,7,0,167965,5,21,6,,,,,,,,,5,21
george-dimitropoulos,39,0,728975,6,21,10,,,,,,,,,6,21
george-osborne,492,0,9204713,12,35,6,0,0,0,0,0,0,8,28,12,35
gerald-ryan,2355,17,109342265,15,39,14,6,21,10,30,10,34,9,30,15,41
gerard-moloney,82,0,2042523,9,29,2,0,0,0,50,8,25,0,19,9,30
glen-milligan,37,0,956790,12,32,22,,,,,,,0,0,12,33
glenn-cross,10,0,202833,6,20,6,,,,,,,,,6,20
gordon-richards,427,1,16170660,9,31,12,4,23,0,28,6,26,3,18,9,31
graham-payne,59,0,1352345,10,32,12,,,,,,,,,10,32
grahame-begg,636,11,41957996,13,37,6,5,25,13,33,11,29,8,27,14,39
grant-dalziel,199,0,3740606,9,28,10,0,0,5,22,0,17,6,13,9,29
grant-finnigan,3,0,78220,8,30,8,,,,,,,,,8,30
grant-jobson,2,0,104090,6,37,6,,,,,,,,,6,37
greg-eurell,1162,9,38136093,13,36,12,12,28,12,43,14,31,9,25,13,37
greg-middleton,15,0,168915,7,26,10,,,,,,,,,7,26
gregory-hickman,489,3,23142552,11,32,8,7,21,13,33,7,27,3,19,11,33
gregory-mcfarlane,157,0,4427815,10,32,6,,,0,0,0,0,0,33,10,32
guy-lowry,28,0,507069,25,55,26,0,7,20,80,0,27,0,0,34,70
gwenda-johnstone,329,1,6850784,10,31,12,12,25,0,14,0,18,10,10,10,31
gwenda-markwell,958,2,25892570,10,32,6,5,17,5,11,6,16,10,26,10,32
hanna-powell,48,0,1029332,8,30,10,,,,,,,,,8,30
helen-white,5,0,172378,2,14,,,,,,,,,,2,14
henry-dwyer,426,2,17175472,12,33,18,10,21,25,33,9,16,6,22,13,33
holly-mckechnie,3,0,95550,7,27,7,,,,,,,,,7,27
ian-finn,25,0,661551,5,19,2,0,0,0,0,0,0,0,0,6,20
imogen-miller,32,0,801516,13,37,22,,,,,0,0,0,20,14,37
ivan-lister,49,0,542679,8,27,14,,,,,0,0,0,0,8,27
jack-laing,11,0,391753,5,23,8,,,,,,,0,0,5,23
jack-van-duren,75,0,951470,4,14,2,,,,,,,0,0,4,14
jackie-beriman,16,0,523033,6,24,6,,,,,0,0,0,0,6,24
jackson-pallot,67,0,1336596,8,28,14,0,0,,,,,0,100,8,28
jacob-perrett,34,0,579120,9,31,16,,,,,,,,,9,31
jake-hull,8,0,235725,12,35,14,,,,,,,,,12,35
james-cummings,1305,40,162108277,17,45,24,10,33,15,38,14,37,15,41,18,48
james-ferguson,1,0,629457,16,33,11,0,0,50,100,,,,,,
james-ponsonby,37,0,1637030,7,24,8,,,,,,,,,7,24
jamie-edwards,446,1,10099159,10,32,2,7,7,8,25,6,6,4,27,10,32
jamie-scott,76,0,1227411,8,26,8,,,,,,,0,0,8,26
jamie-stewart,39,0,963357,13,38,12,,,,,,,,,13,38
jan-bowen,186,0,4616590,9,29,6,,,0,0,0,0,5,29,9,29
jan-wicks,8,0,194926,6,20,14,,,,,,,,,6,20
jane-clement,244,0,3712684,8,27,4,,,,,,,0,0,8,27
jarrod-austin,164,0,5743605,10,36,12,0,0,0,50,0,14,3,38,11,36
jarrod-robinson,56,0,1488507,8,28,14,,,0,0,,,,,8,28
jason-coyle,522,2,23981076,9,29,12,5,11,7,22,6,20,6,14,9,30
jason-deamer,293,0,6930649,15,38,10,0,100,0,0,0,25,16,41,15,38
jason-warren,557,1,18714643,12,34,14,2,6,6,20,12,22,8,26,12,35
jean-dubois,52,0,3043071,11,31,4,0,0,33,100,0,14,11,11,11,32
jeff-englebrecht,424,0,7006048,9,29,4,,,0,28,0,8,11,23,9,29
jenny-graham,258,0,5878270,13,39,12,0,0,100,100,0,66,18,45,13,39
jeremy-gask,250,0,4593721,12,36,6,0,18,0,22,0,23,6,26,12,37
jeremy-sylvester,238,1,5230281,7,25,4,50,50,0,0,0,0,0,8,7,25
jerome-hunter,232,0,6692902,12,33,26,0,42,33,50,20,40,12,24,12,33
jessie-constantine,7,0,189589,5,12,10,,,,,,,,,5,12
jim-conlan,241,5,10229308,13,38,12,6,23,13,26,9,22,11,35,14,40
jim-lee,170,0,5334832,6,22,12,0,0,0,11,12,22,13,21,5,22
jim-wallace,24,4,1626060,28,51,28,22,38,25,58,0,0,14,28,35,62
jody-thompson,96,0,1608241,8,28,6,,,,,,,,,8,28
joe-cleary,387,0,6387974,12,35,8,0,0,0,0,0,0,6,12,12,35
john-bannister,37,0,1043382,4,19,12,,,,,,,,,4,19
john-blacker,1084,0,17080972,10,33,8,0,0,50,50,3,13,6,28,11,33
john-hawkes,4567,99,258519759,16,41,16,8,27,11,34,11,32,12,33,17,44
john-leek-(jnr),179,0,3379412,15,36,16,0,0,0,0,0,0,7,15,15,37
john-macmillan,282,0,5999354,9,30,8,,,0,0,0,0,1,11,9,31
john-mcardle,576,2,18265632,11,34,2,5,12,6,15,8,24,6,25,11,35
john-moloney,573,0,18886533,11,32,8,0,6,2,21,1,18,6,15,11,33
john-oshea,1772,29,119909622,17,45,16,7,25,12,32,11,36,14,38,19,48
john-pascoe,29,0,1038707,12,35,14,0,0,0,0,,,0,0,12,37
john-price,363,0,9421695,11,36,2,0,0,15,15,7,28,10,32,11,36
john-sadler,577,3,25374500,15,39,16,4,20,10,21,16,26,4,19,16,41
john-salanitri,311,1,8712839,10,30,4,5,23,0,17,4,20,4,15,10,30
john-sargent,424,5,24802334,12,35,10,3,14,9,32,8,26,10,27,13,37
john-sprague,249,0,3730948,11,33,2,,,,,0,0,,,11,33
john-steinmetz,96,0,2520063,8,25,6,0,0,0,0,0,50,0,0,8,25
jon-oconnor,360,0,9135548,11,34,10,0,0,0,0,6,19,5,18,11,34
jonny-field,9,0,357740,11,34,12,,,,,0,100,0,100,12,32
joseph-burges,25,0,987170,9,33,10,,,,,,,,,9,33
joseph-ible,105,0,2546970,12,34,18,,,,,0,0,0,0,12,34
joseph-obrien,22,5,17069314,18,47,20,12,33,16,55,27,59,21,64,25,41
joseph-pride,1191,18,84461103,15,39,14,9,27,14,32,12,32,12,35,15,40
josh-julius,43,0,1868719,9,31,2,0,0,50,50,0,9,0,55,10,31
julie-richards,73,0,1618311,12,33,10,0,33,0,25,6,15,3,12,14,37
julie-scott,127,0,2749044,10,29,8,0,20,16,16,0,25,50,66,10,28
julien-welsh,67,0,1752821,10,27,6,0,0,,,0,0,0,11,10,27
julius-sandhu,74,0,4552265,11,31,18,0,25,11,11,12,50,0,20,11,32
justin-bowen,29,0,908445,6,23,14,,,,,,,,,6,23
kacy-fogden,122,0,6191024,15,43,8,0,40,25,37,5,10,0,7,16,45
kasey-keys,11,0,359780,10,30,12,,,,,0,0,0,100,10,30
kathryn-durden,166,0,4551594,9,28,10,0,0,,,0,0,0,11,9,29
katrina-alexander,18,2,1173104,22,55,26,15,46,16,33,25,50,20,80,25,57
keith-dryden,767,0,16277610,13,35,22,0,25,16,25,4,22,12,29,13,36
kelly-purdy,53,0,1214160,8,28,10,0,0,0,0,0,0,4,18,8,28
kelvin-bourke,182,0,3361079,10,28,14,,,0,33,0,0,0,20,10,28
ken-elford,126,0,1550050,6,22,14,,,0,0,0,0,18,27,6,22
ken-kelso,20,8,2766767,22,46,24,21,44,12,37,27,45,33,100,24,44
ken-keys,428,0,14513367,9,29,6,0,17,7,9,6,14,8,19,9,30
kerry-parker,368,3,19476496,9,30,10,7,34,20,37,14,29,4,22,9,30
kerry-taplin,10,0,673325,8,27,6,0,0,25,25,0,0,0,33,8,29
kerry-weir,251,0,2984819,8,28,14,,,,,,,0,0,8,28
kevin-corstens,136,0,5564757,9,30,6,0,8,4,17,5,26,0,10,9,31
kim-waugh,626,1,22423038,13,37,10,5,15,3,16,8,25,5,28,13,38
kris-lees,2597,17,117675291,14,39,8,5,24,6,31,7,27,10,30,15,41
kristen-buchanan,274,0,8638511,12,34,20,0,0,9,27,0,25,0,21,13,35
kurt-goldman,134,0,5257908,11,32,16,0,11,0,0,17,29,13,23,11,33
kylie-gavenlock,307,0,5942502,9,31,14,0,50,0,0,0,0,8,25,9,31
kylie-kennedy,177,0,2135035,8,25,6,,,,,,,0,0,8,25
kylie-vella,77,0,2198267,14,43,18,,,0,50,0,100,16,66,14,43
kym-hann,126,0,2640394,13,35,14,,,0,0,0,0,0,33,14,36
lance-noble,19,1,721719,22,59,28,8,16,30,50,12,50,14,71,27,72
lance-osullivan,51,5,3602508,22,54,20,11,24,17,34,8,33,15,23,32,78
lauri-parker,35,0,1542380,7,26,6,,,,,0,0,25,50,7,26
lee-creek,133,0,2477820,10,31,10,0,33,0,0,7,23,19,42,10,31
lee-curtis,199,2,8264427,10,32,4,6,31,7,29,4,21,6,22,11,33
lee-hope,532,1,12345377,11,35,4,5,25,10,37,14,36,5,19,11,35
leon-corstens,922,9,38267331,12,34,14,8,19,5,20,8,30,6,22,12,35
leon-macdonald,1276,11,48972121,13,38,16,6,25,9,26,10,29,9,28,14,40
les-bridge,361,3,33833053,12,35,20,7,47,16,48,12,31,23,38,12,35
levi-kavanagh,32,0,2231571,11,36,4,0,0,0,0,0,30,18,37,11,37
liam-howley,48,2,5977437,9,29,6,7,19,13,33,11,17,10,36,9,29
lindsey-smith,1222,11,45444458,17,41,12,14,26,13,32,10,36,11,30,18,43
lisa-jones,11,0,252000,6,24,4,,,0,0,,,0,0,6,25
lloyd-kennewell,460,2,17088096,13,38,6,10,20,3,7,8,27,4,22,14,40
lou-luciani,700,2,21987661,12,35,12,6,27,13,25,3,16,10,31,12,36
lou-mary,36,0,1102787,13,33,18,,,,,,,0,0,13,33
lucinda-boyd,5,0,113035,13,21,13,,,,,,,,,13,21
lucy-keegan-attard,23,0,952252,13,32,12,,,,,,,0,33,13,32
lucy-longmire,46,0,1316505,7,25,14,,,,,,,0,0,7,26
luke-cerchi,3,0,136275,14,33,14,,,,,0,0,0,0,15,36
luke-clarke,15,0,482805,11,26,12,,,,,0,0,,,11,26
luke-fernie,98,0,4960910,11,32,12,0,0,0,10,0,9,6,25,12,35
luke-morgan,78,0,1090550,17,42,8,,,,,,,,,17,42
luke-oliver,645,0,16278074,12,35,6,0,0,0,28,3,23,6,28,12,35
luke-pepper,278,0,5544270,14,39,20,0,0,0,33,0,0,20,30,14,39
luke-price,149,0,9073417,8,30,18,0,16,14,42,0,33,11,33,8,30
lyle-chandler,24,0,1055495,12,40,20,,,,,,,0,50,12,40
lyn-shand,18,0,525106,4,21,6,,,,,,,,,4,21
lyn-tolson,206,0,5782841,8,28,14,0,0,0,50,0,0,5,23,8,28
lynne-morrison,12,0,196895,6,20,4,,,,,,,0,0,6,20
mack-griffith,494,0,6280146,12,35,24,,,0,0,12,50,4,14,12,35
maddie-raymond,53,0,3017801,13,31,10,0,0,14,57,13,26,15,15,13,32
marc-chevalier,8,0,401005,7,27,8,,,0,0,0,0,20,20,6,28
marc-conners,427,1,13499179,9,30,10,4,16,2,15,5,15,8,24,9,30
marc-quinn,187,0,3207755,12,38,12,,,,,0,0,11,22,12,38
marco-botti,9,0,2303172,24,45,22,0,25,28,28,50,50,20,60,37,87
mark-c-webb,203,0,7171674,6,22,16,0,8,10,20,0,7,5,17,6,22
mark-cross,20,0,542775,6,22,4,,,,,,,,,6,22
mark-gee,93,0,2074583,11,32,10,,,,,,,0,0,11,32
mark-jones,203,0,1641725,14,39,14,,,,,0,0,0,25,14,39
mark-kavanagh,1067,21,50502213,15,39,12,13,34,18,40,16,33,10,30,16,40
mark-mason,489,0,4323983,16,40,14,,,,,,,0,0,16,40
mark-milton,170,0,2385293,7,30,8,,,,,,,,,7,30
mark-minervini,434,0,9535155,12,34,12,0,22,6,21,5,20,6,22,13,35
mark-newnham,420,4,29014355,17,45,20,6,22,13,23,9,34,16,35,18,49
mark-pegus,20,0,658842,9,34,6,,,,,,,,,9,34
mark-stephenson,73,0,1293442,8,29,,,,0,0,,,0,0,8,29
mark-stewart,42,0,916495,12,32,8,,,,,,,,,12,32
mark-walker,126,21,10853436,26,55,30,18,45,28,48,10,41,27,51,32,64
martin-gray,2,0,59830,5,26,5,,,,,,,,,5,26
mathew-ellerton,1507,18,73144964,12,36,12,8,21,8,33,9,30,10,32,12,37
matt-cumani,321,0,14892354,12,35,8,0,14,0,26,2,18,9,31,12,36
matt-laurie,498,2,18716462,13,39,12,15,23,2,11,7,16,7,24,14,40
matthew-brown,108,0,4782665,8,28,6,0,0,14,14,7,21,0,14,8,29
matthew-dale,764,0,18795724,18,44,12,0,29,6,33,3,15,10,24,19,45
matthew-dunn,1131,0,32918782,16,40,16,0,0,11,23,4,17,2,17,16,41
matthew-kelley,17,0,579290,11,27,4,,,,,,,,,11,27
matthew-lindsay,9,0,386723,9,32,10,,,,,0,0,,,9,32
matthew-robinson,129,0,2117597,7,26,4,,,,,,,,,7,26
matthew-smith,661,5,30556842,12,35,20,9,25,6,31,5,25,7,18,12,36
matthew-williams,452,0,13398496,10,33,14,0,10,0,10,13,58,5,7,10,33
melanie-ogorman,76,0,2221239,10,30,14,,,,,0,0,0,0,10,30
melody-cunningham,123,0,2076914,8,27,10,,,0,0,0,0,0,0,8,27
mervyn-mckenzie,46,0,965479,9,24,4,,,,,,,0,0,9,24
michael-freedman,230,5,20108112,17,44,22,15,25,8,33,11,33,14,33,18,46
michael-hickmott,322,0,9119864,15,41,30,,,0,16,11,22,4,28,16,41
michael-huglin,59,0,1998342,11,31,12,,,,,,,0,0,11,31
michael-kent,930,3,35233035,14,40,14,3,20,5,20,8,23,8,29,15,42
michael-krikas,2,0,56620,4,11,4,,,,,,,,,4,11
michael-lunn,80,0,1505914,4,20,4,,,,,,,,,4,20
michael-mehegan,33,0,1092945,8,25,8,0,0,0,100,25,25,0,16,8,25
michael-moroney,1933,45,91848030,13,37,6,7,24,6,27,8,25,10,29,14,40
michael-morrison,22,0,749500,9,32,4,,,,,0,0,0,0,9,32
michael-mulholland,182,0,3028511,11,33,18,,,,,,,0,0,11,33
michael-oleary,908,0,11062786,17,44,18,0,14,0,16,23,42,17,35,17,44
michael-ryan,29,0,820608,6,26,4,0,0,0,0,0,0,0,16,6,26
michael-shepherdson,8,0,322965,5,23,6,,,,,,,0,0,5,23
michael-templeton,80,0,1615584,6,21,12,0,0,0,16,0,0,0,0,6,21
michael-travers,27,0,755875,8,27,20,,,,,,,,,8,27
michael-trotter,57,0,1730948,7,25,8,,,0,0,0,0,0,16,7,26
michelle-fleming,66,0,1387277,7,23,6,,,,,,,,,7,23
michelle-payne,55,0,1910322,10,29,16,0,0,0,20,0,16,0,0,11,30
michelle-ritchie,34,0,1130820,9,32,14,,,,,0,0,0,50,10,32
mick-attard,132,0,1667635,11,34,8,,,,,,,,,11,34
mick-bell,67,0,2709633,9,26,16,0,17,0,30,33,75,10,15,9,25
mick-cerchi,291,0,6241870,8,28,10,0,0,12,25,0,6,0,14,8,29
mick-price,2760,44,142189448,16,41,10,9,26,10,32,12,32,11,32,17,43
mick-sell,151,0,3655328,8,27,6,,,0,0,20,20,0,30,8,27
mick-smith,129,0,2028930,9,30,10,,,0,0,0,0,0,0,9,30
mike-cattell,2,0,226980,1,8,,,,0,0,0,0,0,0,1,8
mike-van-gestel,57,0,1683477,9,31,16,0,0,0,25,20,50,0,20,9,31
mitchell-beer,206,0,5648447,12,34,6,0,0,,,0,0,5,10,12,35
mitchell-freedman,263,0,9716757,12,37,18,0,57,5,23,5,27,7,26,13,37
mitchell-kearney,54,0,1827615,6,22,2,0,0,,,0,0,0,0,6,22
mitchell-leek,3,0,138352,17,47,17,,,,,,,,,17,47
monica-croston,36,0,982189,5,22,2,,,0,0,0,0,0,0,5,23
natalie-jarvis,146,0,3275004,10,31,6,,,,,,,0,0,10,31
nathan-doyle,218,0,6689665,17,40,26,,,0,0,0,12,0,25,17,41
nathan-dunn,37,0,1228017,10,28,8,,,,,0,0,,,10,28
nathan-hobson,266,0,5819117,8,28,4,,,,,,,0,0,8,28
nick-harnett,96,0,2790823,8,29,14,,,,,0,16,0,28,8,29
nick-olive,696,1,15014321,14,38,6,5,26,5,36,12,37,8,24,14,38
nick-ryan,156,0,9258924,15,41,8,0,7,6,33,0,14,9,32,16,43
nigel-blackiston,417,4,16539458,10,32,10,5,18,11,32,5,26,7,23,10,32
nikki-burke,296,0,6736431,11,34,18,0,28,16,33,8,16,11,22,11,34
noel-watson,26,0,477196,5,22,8,,,,,,,0,0,5,22
norm-gardner,231,0,4937292,9,31,6,0,0,0,0,0,0,4,20,9,31
norman-rogers,22,0,393805,10,28,8,,,,,0,0,,,10,28
oopy-macgillivray,65,0,2030585,17,45,10,0,0,0,0,0,11,17,43,17,47
paddy-payne,114,0,1810656,10,31,10,0,33,0,14,0,16,8,20,11,31
pat-cannon,34,0,992048,7,29,10,,,,,,,,,7,29
pat-carey,487,5,21044119,9,29,12,9,14,2,17,2,10,6,22,9,30
pat-farrell,442,0,6201685,7,24,2,0,0,0,0,6,6,12,25,7,24
pat-murphy,21,0,557090,11,28,14,,,,,,,0,0,11,28
patrick-caboche,22,0,648517,4,21,2,,,0,0,0,0,0,0,4,21
patrick-f-ryan-jnr,88,0,2647542,10,33,16,0,0,0,0,0,14,9,18,10,34
patrick-keane,25,0,817927,6,21,4,,,,,,,0,0,6,21
patrick-kearney,16,0,538204,11,40,10,,,,,0,0,0,25,12,41
patrick-payne,1051,5,48994166,16,44,20,15,34,13,36,10,31,12,34,17,45
paul-anthony-jones,434,0,10778590,10,32,4,0,0,0,0,0,14,5,20,10,32
paul-cave,324,0,10047914,11,33,6,0,14,16,24,8,40,12,31,11,33
paul-koumis,18,0,464535,6,24,10,0,0,,,0,0,0,0,6,24
paul-messara,505,4,15036152,21,48,30,8,22,4,23,15,32,10,30,23,50
paul-murray,224,0,6337485,10,33,12,0,26,14,42,5,15,4,20,10,34
paul-niceforo,16,0,443370,10,30,4,,,,,0,0,,,10,31
paul-perry,2317,10,55775803,10,31,10,7,21,8,25,7,20,6,23,10,32
paul-preusker,556,1,15587459,12,33,14,7,7,13,20,5,21,9,23,12,34
paul-rocke,54,0,1355997,8,22,10,0,0,0,0,0,0,0,14,8,22
paul-shailer,52,0,1177027,16,38,18,0,0,,,,,,,16,38
paul-snowden,1202,20,123294726,16,42,10,8,26,11,33,11,31,13,36,17,45
peter-blanch,191,0,3420088,15,41,12,0,0,0,0,8,25,3,35,16,41
peter-burgun,102,0,1483273,9,29,10,,,,,0,0,0,0,9,29
peter-g-moody,2803,60,145614688,18,43,10,10,25,10,32,11,30,11,34,19,46
peter-gelagotis,387,3,16804770,12,33,10,6,16,15,36,11,25,12,28,12,33
peter-graham,10,0,293145,7,32,8,,,,,,,,,7,32
peter-h-bloomfield,106,0,1787700,9,28,,,,,,,,0,50,10,28
peter-hardacre,165,0,3619154,13,37,10,,,0,0,0,0,0,9,13,38
peter-j-morgan,112,0,1268598,13,42,14,,,,,,,0,0,13,42
peter-jolly,183,0,3928322,14,41,10,0,0,14,28,7,28,9,29,15,44
peter-lafferty,26,0,567464,8,26,8,0,0,0,0,0,0,0,0,8,26
peter-maher,226,0,3536481,9,29,2,,,0,0,0,33,0,0,9,29
peter-robl,85,0,4169713,11,37,16,0,0,0,0,0,0,11,35,12,39
peter-sinclair,715,0,5409437,16,44,10,0,100,,,0,12,15,46,16,44
peter-w-stanley,134,0,2115437,6,23,4,,,,,,,0,0,6,23
phil-sweeney,238,0,3739911,10,30,8,,,0,0,0,0,0,0,10,30
phillip-stokes,1310,6,48161190,17,42,18,6,20,13,28,8,28,11,33,18,44
quinton-scott,295,0,4202850,8,27,2,0,0,0,0,11,11,0,31,8,27
rachael-cunningham,58,0,1841041,7,25,6,,,,,0,0,0,0,7,25
ray-besanko,193,0,4315450,6,21,2,,,0,0,0,0,0,11,6,21
reece-goodwin,30,0,1113130,9,36,2,,,,,,,0,100,9,36
richard-collett,38,0,1609021,15,53,8,0,53,12,75,12,50,9,45,17,52
richard-cully,31,0,1200295,18,45,18,,,,,,,25,25,17,45
richard-freedman,167,0,10723786,14,40,8,0,13,0,16,15,37,0,17,15,42
richard-jolly,955,1,28330215,15,40,14,3,20,11,32,10,27,9,30,15,41
richard-laming,254,0,9735190,12,32,6,0,6,5,33,10,26,13,21,12,33
richard-litt,132,3,10608059,9,31,,18,43,0,11,0,9,9,18,9,32
rob-blacker,95,0,1996712,9,27,4,0,0,0,33,0,0,11,33,9,27
rob-wellington,193,0,2233246,10,29,20,,,,,,,,,10,29
robbie-griffiths,1651,1,52026813,11,35,24,1,13,3,17,4,24,5,24,12,36
robbie-laing,900,4,30905400,9,27,8,3,15,1,14,9,24,5,16,9,28
robert-agnew,12,0,300950,9,34,12,,,,,,,,,9,34
robert-heathcote,1686,12,62470971,12,35,6,10,33,13,25,9,21,9,26,13,36
robert-hickmott,312,13,37269851,15,37,12,10,27,14,28,7,31,16,37,16,39
robert-pearse,148,0,4356503,8,26,10,0,11,5,20,6,18,11,19,8,26
robert-price,459,0,10474847,9,29,4,0,9,6,20,3,11,4,19,9,30
robert-quinn,14,0,800955,7,33,4,,,0,0,0,0,,,7,34
rod-symons,271,0,5067383,9,29,10,0,0,0,28,0,37,3,12,9,30
rodger-waters,174,0,1573827,11,34,14,,,,,0,0,0,0,11,34
rodney-bailey,197,0,2743117,7,25,4,,,0,0,0,12,0,5,7,25
rodney-northam,615,0,13629210,13,36,16,0,7,0,20,22,31,4,15,13,37
roger-james,265,23,17100108,21,50,26,11,31,15,40,24,51,12,35,26,58
ron-quinton,656,6,24793580,13,37,14,8,19,9,34,8,31,14,33,13,38
ron-stubbs,50,0,1707520,14,35,28,,,,,,,12,12,14,35
ross-mcconville,9,0,730100,4,27,4,,,,,0,0,0,0,5,28
ryan-balfour,417,0,12832734,9,31,8,0,0,0,7,5,14,6,16,9,32
saab-hasan,135,0,4690127,7,27,,0,25,0,25,25,33,9,32,7,27
sam-kavanagh,82,0,3662750,13,32,4,0,0,0,0,0,26,16,40,13,33
sara-ryan,16,0,1117405,11,32,16,,,0,0,0,16,0,12,12,34
sarah-murray-leslie,118,0,1679747,9,31,6,,,,,,,0,0,9,31
scott-aspery,39,0,1510590,10,32,18,0,0,0,0,6,20,0,11,11,34
scott-brunton,720,0,17887860,17,43,8,0,0,0,10,9,31,15,46,17,43
scott-collings,91,0,2057739,13,34,24,,,,,,,,,13,34
scott-mcintosh,40,0,863372,10,35,12,,,,,,,,,10,35
scott-singleton,338,0,9139064,10,32,14,0,0,0,0,5,5,0,0,10,32
scott-spackman,88,0,1875566,11,31,14,0,0,0,33,0,100,0,0,11,31
sean-casey,380,0,10093678,12,34,12,0,25,0,14,12,33,3,28,12,34
sean-mott,44,0,966546,8,26,6,,,,,0,0,0,0,8,26
shane-bottomley,86,0,1758220,7,22,10,0,0,,,0,0,0,0,7,22
shane-fliedner,335,0,9113459,8,29,14,0,0,0,13,5,25,8,26,8,30
shane-jackson,1,0,122375,5,41,5,,,,,0,0,0,0,7,53
shane-nichols,264,3,11030102,8,29,8,9,15,23,33,11,28,4,19,8,29
shane-oxlade,288,0,5506296,9,32,14,0,0,0,20,6,13,5,14,9,32
shane-stockdale,76,0,1987819,7,29,4,,,0,0,0,100,0,25,7,29
shannon-g-hope,105,0,1523859,11,34,12,0,0,,,25,37,7,28,11,34
sharyn-trolove,84,0,2199645,7,28,10,,,0,0,,,0,0,7,28
shawn-mathrick,120,0,4571669,8,28,12,0,0,0,8,0,20,5,20,9,28
shayne-fisher,56,0,1182494,2,14,,0,0,0,0,,,0,0,2,14
shea-eden,284,0,8257021,11,34,6,0,0,0,12,14,28,4,16,12,34
shilleagh-meyervale,24,0,546143,4,15,2,,,,,,,,,4,15
sigrid-carr,82,0,1801872,10,33,6,,,,,0,0,0,12,10,33
simon-&-ed-crisford,0,0,20827,,50,,0,0,,,,,0,100,,
simon-ryan,61,0,2248431,11,30,6,0,0,,,0,0,12,37,11,31
simon-zahra,59,0,4277127,7,30,4,0,0,25,25,16,41,4,20,7,30
stephen-brown,682,0,12383848,15,41,,0,0,12,25,0,0,9,21,15,41
stephen-farley,210,2,5943074,7,23,2,12,18,16,16,9,36,3,25,7,23
stephen-field,13,0,360854,2,12,,,,,,,,,,2,12
stephen-jones,422,0,7451812,10,29,18,0,0,0,0,0,11,0,10,10,29
stephen-lee,770,0,11509098,11,32,14,0,0,0,50,12,37,2,13,11,32
stephen-marsh,56,3,3664502,18,51,18,6,32,6,38,9,51,9,40,27,62
stephen-meyer,3,0,107705,6,36,6,,,,,,,,,6,36
stephen-schofield,61,0,1574070,5,21,10,0,0,0,0,0,0,0,0,6,22
sterling-alexiou,3,0,328200,16,33,16,0,0,0,0,0,33,50,50,20,40
steve-cunningham,148,0,2409586,8,29,8,0,0,0,0,0,0,0,0,8,29
steve-richards,193,1,7658737,10,32,6,6,33,2,22,10,34,5,24,10,33
steve-wolfe,1039,0,24459373,12,35,12,0,6,5,22,7,32,6,26,12,35
steven-king,8,0,209140,12,30,12,,,,,,,,,12,30
steven-odea,777,1,27699548,17,44,12,5,23,8,28,7,25,15,32,17,45
steven-pateman,34,0,1507565,7,26,4,,,,,0,50,0,0,7,26
steven-wilson,37,0,766015,6,21,6,0,0,,,0,0,,,6,21
steven-wise,15,0,350670,11,28,10,,,,,,,,,11,28
stirling-osland,158,0,3443380,11,34,10,,,,,0,0,0,50,11,34
stuart-warden,5,0,107155,13,30,13,,,,,,,,,13,30
sue-grills,798,0,10918388,12,35,12,0,0,0,33,0,50,10,15,12,35
sue-murphy,527,0,6828578,11,33,8,,,0,25,9,18,6,16,11,33
symon-wilde,604,0,20929767,14,39,12,0,0,10,20,21,40,8,24,14,39
tammy-birnie,6,0,203364,5,22,6,,,,,,,,,5,22
tara-vigouroux,177,0,3465162,7,28,6,,,0,0,,,0,0,7,28
tash-burleigh,81,0,2620472,14,37,16,,,0,0,0,0,,,14,37
terry-croft,97,0,2760205,7,25,6,0,0,,,0,50,0,0,7,25
terry-evans,159,0,2729811,6,21,2,,,0,0,0,0,0,0,6,21
terry-kelly,354,0,6172271,10,28,12,0,0,0,7,0,16,4,18,10,28
terry-robinson,257,0,8081391,9,29,10,0,25,0,14,10,50,0,17,9,30
tetyana-furdetska,7,0,343795,3,17,8,,,,,,,,,3,17
theresa-bateup,212,0,6062605,8,28,,,,,,7,7,8,8,8,28
thomas-carberry,35,0,1182327,11,32,14,,,,,,,,,11,32
tim-donnelly,225,1,4479775,12,33,22,12,25,15,38,22,22,8,32,12,33
tim-martin,918,9,26306517,18,43,4,9,20,14,34,15,43,9,27,19,44
tim-mcintosh,59,0,1561110,7,29,6,,,,,,,0,0,7,29
toby-pracey,5,0,175330,9,40,10,,,,,,,,,9,40
todd-howlett,418,0,8771839,9,29,10,0,0,0,50,12,25,5,11,9,29
todd-smart,89,0,2147622,10,34,18,,,,,0,0,0,20,10,35
tom-button,313,0,5915100,13,38,18,0,0,0,20,0,0,0,10,13,38
tom-dabernig,310,1,15748458,12,37,4,2,20,4,31,16,33,5,24,13,38
tony-ball,50,0,1525685,7,25,6,,,,,0,0,,,7,25
tony-gollan,1849,6,77976457,16,41,22,6,21,7,36,6,29,10,28,16,43
tony-mcevoy,2341,15,103057799,16,41,18,5,20,10,26,9,27,9,29,17,44
tony-noonan,1036,1,28528970,11,33,8,1,8,9,19,7,23,8,26,12,34
tony-sergi,93,0,1447015,10,31,6,,,0,0,0,20,9,9,10,31
tracey-bartley,518,3,13365174,13,36,18,13,39,0,31,4,14,8,23,13,37
travis-doudle,194,0,5511160,14,37,20,0,0,0,0,0,0,2,25,15,38
trent-busuttin,592,9,36556065,13,36,14,6,18,7,22,8,30,10,24,13,37
trevor-j-andrews,16,0,615687,5,21,8,0,0,,,0,0,0,10,6,22
trevor-rogers,65,0,1412890,12,34,16,0,0,0,0,0,0,7,28,13,34
troy-corstens,262,2,11519178,11,34,16,9,18,6,22,0,30,10,36,12,35
troy-oneile,54,0,1329660,6,26,4,,,,,,,0,0,6,26
tyrone-coyle,5,0,194420,20,40,20,,,,,,,,,20,40
vincent-malady,195,0,3554196,9,33,16,,,,,,,,,9,33
warren-gavenlock,82,0,2153505,8,26,12,,,,,0,0,0,0,8,26
wayne-carroll,261,0,3205049,10,32,10,,,33,33,,,33,33,10,32
wayne-hudd,75,0,1203307,10,32,8,,,,,,,,,10,32
wayne-seelin,91,0,2824677,6,24,4,,,,,0,0,0,20,6,24
wayne-wilkes,267,0,5171340,10,28,10,,,0,0,0,21,6,26,10,28
wendy-kelly,359,1,8474337,10,31,4,8,16,0,20,16,27,5,8,10,31
will-clarken,364,1,14054190,17,40,16,4,17,9,38,6,17,11,26,18,42
william-freedman,60,0,1733555,14,35,6,0,0,0,0,0,33,0,0,14,35
william-haggas,36,6,11647726,32,56,34,28,52,28,57,21,71,60,90,36,58
yassy-nishitani,24,0,727414,7,33,14,,,0,0,,,25,25,7,33
yoshito-yahagi,11,5,14722495,18,50,18,26,33,8,44,18,63,33,100,16,66
yoshitomo-shima,11,0,335425,8,24,8,,,,,,,0,100,8,23
